{
  "v": "5.1.16",
  "fr": 60,
  "ip": 0,
  "op": 181,
  "w": 220,
  "h": 220,
  "nm": "Heart_1",
  "ddd": 0,
  "assets": [
    {
      "id": "comp_0",
      "layers": [
        {
          "ddd": 0,
          "ind": 1,
          "ty": 4,
          "nm": "42",
          "sr": 1,
          "ks": {
            "o": {
              "a": 1,
              "k": [
                {
                  "i": {
                    "x": [
                      0.65
                    ],
                    "y": [
                      1
                    ]
                  },
                  "o": {
                    "x": [
                      0.65
                    ],
                    "y": [
                      0
                    ]
                  },
                  "n": [
                    "0p65_1_0p65_0"
                  ],
                  "t": 94,
                  "s": [
                    100
                  ],
                  "e": [
                    0
                  ]
                },
                {
                  "t": 129
                }
              ],
              "ix": 11
            },
            "r": {
              "a": 0,
              "k": 0,
              "ix": 10
            },
            "p": {
              "a": 1,
              "k": [
                {
                  "i": {
                    "x": 0.35,
                    "y": 1
                  },
                  "o": {
                    "x": 0.35,
                    "y": 0
                  },
                  "n": "0p35_1_0p35_0",
                  "t": 38,
                  "s": [
                    111.214,
                    110.618,
                    0
                  ],
                  "e": [
                    194,
                    152,
                    0
                  ],
                  "to": [
                    13.7976236343384,
                    6.89694023132324,
                    0
                  ],
                  "ti": [
                    -13.7976236343384,
                    -6.89694023132324,
                    0
                  ]
                },
                {
                  "t": 108
                }
              ],
              "ix": 2
            },
            "a": {
              "a": 0,
              "k": [
                4.25,
                4.25,
                0
              ],
              "ix": 1
            },
            "s": {
              "a": 1,
              "k": [
                {
                  "i": {
                    "x": [
                      0.35,
                      0.35,
                      0.833
                    ],
                    "y": [
                      1,
                      1,
                      1
                    ]
                  },
                  "o": {
                    "x": [
                      0.35,
                      0.35,
                      0.167
                    ],
                    "y": [
                      0,
                      0,
                      0
                    ]
                  },
                  "n": [
                    "0p35_1_0p35_0",
                    "0p35_1_0p35_0",
                    "0p833_1_0p167_0"
                  ],
                  "t": 38,
                  "s": [
                    100,
                    100,
                    100
                  ],
                  "e": [
                    40,
                    40,
                    100
                  ]
                },
                {
                  "t": 129
                }
              ],
              "ix": 6
            }
          },
          "ao": 0,
          "shapes": [
            {
              "ty": "gr",
              "it": [
                {
                  "ind": 0,
                  "ty": "sh",
                  "ix": 1,
                  "ks": {
                    "a": 0,
                    "k": {
                      "i": [
                        [
                          -2.209,
                          0
                        ],
                        [
                          0,
                          0
                        ],
                        [
                          0,
                          -2.209
                        ],
                        [
                          2.209,
                          0
                        ],
                        [
                          0,
                          2.209
                        ]
                      ],
                      "o": [
                        [
                          0,
                          0
                        ],
                        [
                          2.209,
                          0
                        ],
                        [
                          0,
                          2.209
                        ],
                        [
                          -2.209,
                          0
                        ],
                        [
                          0,
                          -2.209
                        ]
                      ],
                      "v": [
                        [
                          0,
                          -4
                        ],
                        [
                          0,
                          -4
                        ],
                        [
                          4,
                          0
                        ],
                        [
                          0,
                          4
                        ],
                        [
                          -4,
                          0
                        ]
                      ],
                      "c": true
                    },
                    "ix": 2
                  },
                  "nm": "Path 1",
                  "mn": "ADBE Vector Shape - Group",
                  "hd": false
                },
                {
                  "ty": "fl",
                  "c": {
                    "a": 0,
                    "k": [
                      0.078000005086,
                      0.13300000359,
                      0.224000010771,
                      1
                    ],
                    "ix": 4
                  },
                  "o": {
                    "a": 0,
                    "k": 100,
                    "ix": 5
                  },
                  "r": 1,
                  "nm": "Fill 1",
                  "mn": "ADBE Vector Graphic - Fill",
                  "hd": false
                },
                {
                  "ty": "tr",
                  "p": {
                    "a": 0,
                    "k": [
                      4.25,
                      4.25
                    ],
                    "ix": 2
                  },
                  "a": {
                    "a": 0,
                    "k": [
                      0,
                      0
                    ],
                    "ix": 1
                  },
                  "s": {
                    "a": 0,
                    "k": [
                      100,
                      100
                    ],
                    "ix": 3
                  },
                  "r": {
                    "a": 0,
                    "k": 0,
                    "ix": 6
                  },
                  "o": {
                    "a": 0,
                    "k": 100,
                    "ix": 7
                  },
                  "sk": {
                    "a": 0,
                    "k": 0,
                    "ix": 4
                  },
                  "sa": {
                    "a": 0,
                    "k": 0,
                    "ix": 5
                  },
                  "nm": "Transform"
                }
              ],
              "nm": "Group 1",
              "np": 2,
              "cix": 2,
              "ix": 1,
              "mn": "ADBE Vector Group",
              "hd": false
            }
          ],
          "ip": 38,
          "op": 1186,
          "st": -30,
          "bm": 0
        },
        {
          "ddd": 0,
          "ind": 2,
          "ty": 4,
          "nm": "41",
          "sr": 1,
          "ks": {
            "o": {
              "a": 1,
              "k": [
                {
                  "i": {
                    "x": [
                      0.65
                    ],
                    "y": [
                      1
                    ]
                  },
                  "o": {
                    "x": [
                      0.65
                    ],
                    "y": [
                      0
                    ]
                  },
                  "n": [
                    "0p65_1_0p65_0"
                  ],
                  "t": 94,
                  "s": [
                    100
                  ],
                  "e": [
                    0
                  ]
                },
                {
                  "t": 129
                }
              ],
              "ix": 11
            },
            "r": {
              "a": 1,
              "k": [
                {
                  "i": {
                    "x": [
                      0.35
                    ],
                    "y": [
                      1
                    ]
                  },
                  "o": {
                    "x": [
                      0.35
                    ],
                    "y": [
                      0
                    ]
                  },
                  "n": [
                    "0p35_1_0p35_0"
                  ],
                  "t": 38,
                  "s": [
                    720
                  ],
                  "e": [
                    0
                  ]
                },
                {
                  "t": 108
                }
              ],
              "ix": 10
            },
            "p": {
              "a": 1,
              "k": [
                {
                  "i": {
                    "x": 0.35,
                    "y": 1
                  },
                  "o": {
                    "x": 0.35,
                    "y": 0
                  },
                  "n": "0p35_1_0p35_0",
                  "t": 38,
                  "s": [
                    111.214,
                    110.618,
                    0
                  ],
                  "e": [
                    190,
                    68,
                    0
                  ],
                  "to": [
                    13.1309576034546,
                    -7.10305976867676,
                    0
                  ],
                  "ti": [
                    -13.1309576034546,
                    7.10305976867676,
                    0
                  ]
                },
                {
                  "t": 108
                }
              ],
              "ix": 2
            },
            "a": {
              "a": 0,
              "k": [
                3.25,
                3.25,
                0
              ],
              "ix": 1
            },
            "s": {
              "a": 1,
              "k": [
                {
                  "i": {
                    "x": [
                      0.35,
                      0.35,
                      0.833
                    ],
                    "y": [
                      1,
                      1,
                      1
                    ]
                  },
                  "o": {
                    "x": [
                      0.35,
                      0.35,
                      0.167
                    ],
                    "y": [
                      0,
                      0,
                      0
                    ]
                  },
                  "n": [
                    "0p35_1_0p35_0",
                    "0p35_1_0p35_0",
                    "0p833_1_0p167_0"
                  ],
                  "t": 38,
                  "s": [
                    100,
                    100,
                    100
                  ],
                  "e": [
                    40,
                    40,
                    100
                  ]
                },
                {
                  "t": 129
                }
              ],
              "ix": 6
            }
          },
          "ao": 0,
          "shapes": [
            {
              "ty": "gr",
              "it": [
                {
                  "ind": 0,
                  "ty": "sh",
                  "ix": 1,
                  "ks": {
                    "a": 0,
                    "k": {
                      "i": [
                        [
                          0,
                          0
                        ],
                        [
                          0,
                          0
                        ],
                        [
                          0,
                          0
                        ],
                        [
                          0,
                          0
                        ]
                      ],
                      "o": [
                        [
                          0,
                          0
                        ],
                        [
                          0,
                          0
                        ],
                        [
                          0,
                          0
                        ],
                        [
                          0,
                          0
                        ]
                      ],
                      "v": [
                        [
                          -3,
                          -3
                        ],
                        [
                          3,
                          -3
                        ],
                        [
                          3,
                          3
                        ],
                        [
                          -3,
                          3
                        ]
                      ],
                      "c": true
                    },
                    "ix": 2
                  },
                  "nm": "Path 1",
                  "mn": "ADBE Vector Shape - Group",
                  "hd": false
                },
                {
                  "ty": "fl",
                  "c": {
                    "a": 0,
                    "k": [
                      0.078000005086,
                      0.13300000359,
                      0.224000010771,
                      1
                    ],
                    "ix": 4
                  },
                  "o": {
                    "a": 0,
                    "k": 100,
                    "ix": 5
                  },
                  "r": 1,
                  "nm": "Fill 1",
                  "mn": "ADBE Vector Graphic - Fill",
                  "hd": false
                },
                {
                  "ty": "tr",
                  "p": {
                    "a": 0,
                    "k": [
                      3.25,
                      3.25
                    ],
                    "ix": 2
                  },
                  "a": {
                    "a": 0,
                    "k": [
                      0,
                      0
                    ],
                    "ix": 1
                  },
                  "s": {
                    "a": 0,
                    "k": [
                      100,
                      100
                    ],
                    "ix": 3
                  },
                  "r": {
                    "a": 0,
                    "k": 0,
                    "ix": 6
                  },
                  "o": {
                    "a": 0,
                    "k": 100,
                    "ix": 7
                  },
                  "sk": {
                    "a": 0,
                    "k": 0,
                    "ix": 4
                  },
                  "sa": {
                    "a": 0,
                    "k": 0,
                    "ix": 5
                  },
                  "nm": "Transform"
                }
              ],
              "nm": "Group 1",
              "np": 2,
              "cix": 2,
              "ix": 1,
              "mn": "ADBE Vector Group",
              "hd": false
            }
          ],
          "ip": 38,
          "op": 1186,
          "st": -30,
          "bm": 0
        },
        {
          "ddd": 0,
          "ind": 3,
          "ty": 4,
          "nm": "40",
          "sr": 1,
          "ks": {
            "o": {
              "a": 1,
              "k": [
                {
                  "i": {
                    "x": [
                      0.65
                    ],
                    "y": [
                      1
                    ]
                  },
                  "o": {
                    "x": [
                      0.65
                    ],
                    "y": [
                      0
                    ]
                  },
                  "n": [
                    "0p65_1_0p65_0"
                  ],
                  "t": 94,
                  "s": [
                    100
                  ],
                  "e": [
                    0
                  ]
                },
                {
                  "t": 129
                }
              ],
              "ix": 11
            },
            "r": {
              "a": 0,
              "k": 0,
              "ix": 10
            },
            "p": {
              "a": 1,
              "k": [
                {
                  "i": {
                    "x": 0.35,
                    "y": 1
                  },
                  "o": {
                    "x": 0.35,
                    "y": 0
                  },
                  "n": "0p35_1_0p35_0",
                  "t": 38,
                  "s": [
                    111.214,
                    110.618,
                    0
                  ],
                  "e": [
                    145,
                    22,
                    0
                  ],
                  "to": [
                    5.63095712661743,
                    -14.7697267532349,
                    0
                  ],
                  "ti": [
                    -5.63095712661743,
                    14.7697267532349,
                    0
                  ]
                },
                {
                  "t": 108
                }
              ],
              "ix": 2
            },
            "a": {
              "a": 0,
              "k": [
                4.25,
                4.25,
                0
              ],
              "ix": 1
            },
            "s": {
              "a": 1,
              "k": [
                {
                  "i": {
                    "x": [
                      0.35,
                      0.35,
                      0.833
                    ],
                    "y": [
                      1,
                      1,
                      1
                    ]
                  },
                  "o": {
                    "x": [
                      0.35,
                      0.35,
                      0.167
                    ],
                    "y": [
                      0,
                      0,
                      0
                    ]
                  },
                  "n": [
                    "0p35_1_0p35_0",
                    "0p35_1_0p35_0",
                    "0p833_1_0p167_0"
                  ],
                  "t": 38,
                  "s": [
                    100,
                    100,
                    100
                  ],
                  "e": [
                    40,
                    40,
                    100
                  ]
                },
                {
                  "t": 129
                }
              ],
              "ix": 6
            }
          },
          "ao": 0,
          "shapes": [
            {
              "ty": "gr",
              "it": [
                {
                  "ind": 0,
                  "ty": "sh",
                  "ix": 1,
                  "ks": {
                    "a": 0,
                    "k": {
                      "i": [
                        [
                          -2.209,
                          0
                        ],
                        [
                          0,
                          0
                        ],
                        [
                          0,
                          -2.209
                        ],
                        [
                          2.209,
                          0
                        ],
                        [
                          0,
                          2.209
                        ]
                      ],
                      "o": [
                        [
                          0,
                          0
                        ],
                        [
                          2.209,
                          0
                        ],
                        [
                          0,
                          2.209
                        ],
                        [
                          -2.209,
                          0
                        ],
                        [
                          0,
                          -2.209
                        ]
                      ],
                      "v": [
                        [
                          0,
                          -4
                        ],
                        [
                          0,
                          -4
                        ],
                        [
                          4,
                          0
                        ],
                        [
                          0,
                          4
                        ],
                        [
                          -4,
                          0
                        ]
                      ],
                      "c": true
                    },
                    "ix": 2
                  },
                  "nm": "Path 1",
                  "mn": "ADBE Vector Shape - Group",
                  "hd": false
                },
                {
                  "ty": "fl",
                  "c": {
                    "a": 0,
                    "k": [
                      0.078000005086,
                      0.13300000359,
                      0.224000010771,
                      1
                    ],
                    "ix": 4
                  },
                  "o": {
                    "a": 0,
                    "k": 100,
                    "ix": 5
                  },
                  "r": 1,
                  "nm": "Fill 1",
                  "mn": "ADBE Vector Graphic - Fill",
                  "hd": false
                },
                {
                  "ty": "tr",
                  "p": {
                    "a": 0,
                    "k": [
                      4.25,
                      4.25
                    ],
                    "ix": 2
                  },
                  "a": {
                    "a": 0,
                    "k": [
                      0,
                      0
                    ],
                    "ix": 1
                  },
                  "s": {
                    "a": 0,
                    "k": [
                      100,
                      100
                    ],
                    "ix": 3
                  },
                  "r": {
                    "a": 0,
                    "k": 0,
                    "ix": 6
                  },
                  "o": {
                    "a": 0,
                    "k": 100,
                    "ix": 7
                  },
                  "sk": {
                    "a": 0,
                    "k": 0,
                    "ix": 4
                  },
                  "sa": {
                    "a": 0,
                    "k": 0,
                    "ix": 5
                  },
                  "nm": "Transform"
                }
              ],
              "nm": "Group 1",
              "np": 2,
              "cix": 2,
              "ix": 1,
              "mn": "ADBE Vector Group",
              "hd": false
            }
          ],
          "ip": 38,
          "op": 1186,
          "st": -30,
          "bm": 0
        },
        {
          "ddd": 0,
          "ind": 4,
          "ty": 4,
          "nm": "39",
          "sr": 1,
          "ks": {
            "o": {
              "a": 1,
              "k": [
                {
                  "i": {
                    "x": [
                      0.65
                    ],
                    "y": [
                      1
                    ]
                  },
                  "o": {
                    "x": [
                      0.65
                    ],
                    "y": [
                      0
                    ]
                  },
                  "n": [
                    "0p65_1_0p65_0"
                  ],
                  "t": 94,
                  "s": [
                    100
                  ],
                  "e": [
                    0
                  ]
                },
                {
                  "t": 129
                }
              ],
              "ix": 11
            },
            "r": {
              "a": 1,
              "k": [
                {
                  "i": {
                    "x": [
                      0.35
                    ],
                    "y": [
                      1
                    ]
                  },
                  "o": {
                    "x": [
                      0.35
                    ],
                    "y": [
                      0
                    ]
                  },
                  "n": [
                    "0p35_1_0p35_0"
                  ],
                  "t": 38,
                  "s": [
                    720
                  ],
                  "e": [
                    0
                  ]
                },
                {
                  "t": 108
                }
              ],
              "ix": 10
            },
            "p": {
              "a": 1,
              "k": [
                {
                  "i": {
                    "x": 0.35,
                    "y": 1
                  },
                  "o": {
                    "x": 0.35,
                    "y": 0
                  },
                  "n": "0p35_1_0p35_0",
                  "t": 38,
                  "s": [
                    111.214,
                    110.618,
                    0
                  ],
                  "e": [
                    75,
                    23,
                    0
                  ],
                  "to": [
                    -6.03570938110352,
                    -14.6030597686768,
                    0
                  ],
                  "ti": [
                    6.03570938110352,
                    14.6030597686768,
                    0
                  ]
                },
                {
                  "t": 108
                }
              ],
              "ix": 2
            },
            "a": {
              "a": 0,
              "k": [
                3.25,
                3.25,
                0
              ],
              "ix": 1
            },
            "s": {
              "a": 1,
              "k": [
                {
                  "i": {
                    "x": [
                      0.35,
                      0.35,
                      0.833
                    ],
                    "y": [
                      1,
                      1,
                      1
                    ]
                  },
                  "o": {
                    "x": [
                      0.35,
                      0.35,
                      0.167
                    ],
                    "y": [
                      0,
                      0,
                      0
                    ]
                  },
                  "n": [
                    "0p35_1_0p35_0",
                    "0p35_1_0p35_0",
                    "0p833_1_0p167_0"
                  ],
                  "t": 38,
                  "s": [
                    100,
                    100,
                    100
                  ],
                  "e": [
                    40,
                    40,
                    100
                  ]
                },
                {
                  "t": 129
                }
              ],
              "ix": 6
            }
          },
          "ao": 0,
          "shapes": [
            {
              "ty": "gr",
              "it": [
                {
                  "ind": 0,
                  "ty": "sh",
                  "ix": 1,
                  "ks": {
                    "a": 0,
                    "k": {
                      "i": [
                        [
                          0,
                          0
                        ],
                        [
                          0,
                          0
                        ],
                        [
                          0,
                          0
                        ],
                        [
                          0,
                          0
                        ]
                      ],
                      "o": [
                        [
                          0,
                          0
                        ],
                        [
                          0,
                          0
                        ],
                        [
                          0,
                          0
                        ],
                        [
                          0,
                          0
                        ]
                      ],
                      "v": [
                        [
                          -3,
                          -3
                        ],
                        [
                          3,
                          -3
                        ],
                        [
                          3,
                          3
                        ],
                        [
                          -3,
                          3
                        ]
                      ],
                      "c": true
                    },
                    "ix": 2
                  },
                  "nm": "Path 1",
                  "mn": "ADBE Vector Shape - Group",
                  "hd": false
                },
                {
                  "ty": "fl",
                  "c": {
                    "a": 0,
                    "k": [
                      0.078000005086,
                      0.13300000359,
                      0.224000010771,
                      1
                    ],
                    "ix": 4
                  },
                  "o": {
                    "a": 0,
                    "k": 100,
                    "ix": 5
                  },
                  "r": 1,
                  "nm": "Fill 1",
                  "mn": "ADBE Vector Graphic - Fill",
                  "hd": false
                },
                {
                  "ty": "tr",
                  "p": {
                    "a": 0,
                    "k": [
                      3.25,
                      3.25
                    ],
                    "ix": 2
                  },
                  "a": {
                    "a": 0,
                    "k": [
                      0,
                      0
                    ],
                    "ix": 1
                  },
                  "s": {
                    "a": 0,
                    "k": [
                      100,
                      100
                    ],
                    "ix": 3
                  },
                  "r": {
                    "a": 0,
                    "k": 0,
                    "ix": 6
                  },
                  "o": {
                    "a": 0,
                    "k": 100,
                    "ix": 7
                  },
                  "sk": {
                    "a": 0,
                    "k": 0,
                    "ix": 4
                  },
                  "sa": {
                    "a": 0,
                    "k": 0,
                    "ix": 5
                  },
                  "nm": "Transform"
                }
              ],
              "nm": "Group 1",
              "np": 2,
              "cix": 2,
              "ix": 1,
              "mn": "ADBE Vector Group",
              "hd": false
            }
          ],
          "ip": 38,
          "op": 1186,
          "st": -30,
          "bm": 0
        },
        {
          "ddd": 0,
          "ind": 5,
          "ty": 4,
          "nm": "38",
          "sr": 1,
          "ks": {
            "o": {
              "a": 1,
              "k": [
                {
                  "i": {
                    "x": [
                      0.65
                    ],
                    "y": [
                      1
                    ]
                  },
                  "o": {
                    "x": [
                      0.65
                    ],
                    "y": [
                      0
                    ]
                  },
                  "n": [
                    "0p65_1_0p65_0"
                  ],
                  "t": 94,
                  "s": [
                    100
                  ],
                  "e": [
                    0
                  ]
                },
                {
                  "t": 129
                }
              ],
              "ix": 11
            },
            "r": {
              "a": 1,
              "k": [
                {
                  "i": {
                    "x": [
                      0.35
                    ],
                    "y": [
                      1
                    ]
                  },
                  "o": {
                    "x": [
                      0.35
                    ],
                    "y": [
                      0
                    ]
                  },
                  "n": [
                    "0p35_1_0p35_0"
                  ],
                  "t": 38,
                  "s": [
                    720
                  ],
                  "e": [
                    0
                  ]
                },
                {
                  "t": 108
                }
              ],
              "ix": 10
            },
            "p": {
              "a": 1,
              "k": [
                {
                  "i": {
                    "x": 0.35,
                    "y": 1
                  },
                  "o": {
                    "x": 0.35,
                    "y": 0
                  },
                  "n": "0p35_1_0p35_0",
                  "t": 38,
                  "s": [
                    111.214,
                    110.618,
                    0
                  ],
                  "e": [
                    32,
                    77.829,
                    0
                  ],
                  "to": [
                    -13.2024097442627,
                    -5.46497440338135,
                    0
                  ],
                  "ti": [
                    13.2024097442627,
                    5.46497440338135,
                    0
                  ]
                },
                {
                  "t": 108
                }
              ],
              "ix": 2
            },
            "a": {
              "a": 0,
              "k": [
                5.907,
                3.078,
                0
              ],
              "ix": 1
            },
            "s": {
              "a": 1,
              "k": [
                {
                  "i": {
                    "x": [
                      0.35,
                      0.35,
                      0.833
                    ],
                    "y": [
                      1,
                      1,
                      1
                    ]
                  },
                  "o": {
                    "x": [
                      0.35,
                      0.35,
                      0.167
                    ],
                    "y": [
                      0,
                      0,
                      0
                    ]
                  },
                  "n": [
                    "0p35_1_0p35_0",
                    "0p35_1_0p35_0",
                    "0p833_1_0p167_0"
                  ],
                  "t": 38,
                  "s": [
                    100,
                    100,
                    100
                  ],
                  "e": [
                    40,
                    40,
                    100
                  ]
                },
                {
                  "t": 129
                }
              ],
              "ix": 6
            }
          },
          "ao": 0,
          "shapes": [
            {
              "ty": "gr",
              "it": [
                {
                  "ind": 0,
                  "ty": "sh",
                  "ix": 1,
                  "ks": {
                    "a": 0,
                    "k": {
                      "i": [
                        [
                          0,
                          0
                        ],
                        [
                          0,
                          0
                        ],
                        [
                          0,
                          0
                        ]
                      ],
                      "o": [
                        [
                          0,
                          0
                        ],
                        [
                          0,
                          0
                        ],
                        [
                          0,
                          0
                        ]
                      ],
                      "v": [
                        [
                          -5.657,
                          -2.829
                        ],
                        [
                          5.657,
                          -2.829
                        ],
                        [
                          0,
                          2.829
                        ]
                      ],
                      "c": true
                    },
                    "ix": 2
                  },
                  "nm": "Path 1",
                  "mn": "ADBE Vector Shape - Group",
                  "hd": false
                },
                {
                  "ty": "fl",
                  "c": {
                    "a": 0,
                    "k": [
                      0.078000005086,
                      0.13300000359,
                      0.224000010771,
                      1
                    ],
                    "ix": 4
                  },
                  "o": {
                    "a": 0,
                    "k": 100,
                    "ix": 5
                  },
                  "r": 1,
                  "nm": "Fill 1",
                  "mn": "ADBE Vector Graphic - Fill",
                  "hd": false
                },
                {
                  "ty": "tr",
                  "p": {
                    "a": 0,
                    "k": [
                      5.907,
                      3.079
                    ],
                    "ix": 2
                  },
                  "a": {
                    "a": 0,
                    "k": [
                      0,
                      0
                    ],
                    "ix": 1
                  },
                  "s": {
                    "a": 0,
                    "k": [
                      100,
                      100
                    ],
                    "ix": 3
                  },
                  "r": {
                    "a": 0,
                    "k": 0,
                    "ix": 6
                  },
                  "o": {
                    "a": 0,
                    "k": 100,
                    "ix": 7
                  },
                  "sk": {
                    "a": 0,
                    "k": 0,
                    "ix": 4
                  },
                  "sa": {
                    "a": 0,
                    "k": 0,
                    "ix": 5
                  },
                  "nm": "Transform"
                }
              ],
              "nm": "Group 1",
              "np": 2,
              "cix": 2,
              "ix": 1,
              "mn": "ADBE Vector Group",
              "hd": false
            }
          ],
          "ip": 38,
          "op": 1186,
          "st": -30,
          "bm": 0
        },
        {
          "ddd": 0,
          "ind": 6,
          "ty": 4,
          "nm": "37",
          "sr": 1,
          "ks": {
            "o": {
              "a": 1,
              "k": [
                {
                  "i": {
                    "x": [
                      0.65
                    ],
                    "y": [
                      1
                    ]
                  },
                  "o": {
                    "x": [
                      0.65
                    ],
                    "y": [
                      0
                    ]
                  },
                  "n": [
                    "0p65_1_0p65_0"
                  ],
                  "t": 94,
                  "s": [
                    100
                  ],
                  "e": [
                    0
                  ]
                },
                {
                  "t": 129
                }
              ],
              "ix": 11
            },
            "r": {
              "a": 0,
              "k": 0,
              "ix": 10
            },
            "p": {
              "a": 1,
              "k": [
                {
                  "i": {
                    "x": 0.35,
                    "y": 1
                  },
                  "o": {
                    "x": 0.35,
                    "y": 0
                  },
                  "n": "0p35_1_0p35_0",
                  "t": 38,
                  "s": [
                    111.214,
                    110.618,
                    0
                  ],
                  "e": [
                    26,
                    156,
                    0
                  ],
                  "to": [
                    -14.2023763656616,
                    7.56360673904419,
                    0
                  ],
                  "ti": [
                    14.2023763656616,
                    -7.56360673904419,
                    0
                  ]
                },
                {
                  "t": 108
                }
              ],
              "ix": 2
            },
            "a": {
              "a": 0,
              "k": [
                4.25,
                4.25,
                0
              ],
              "ix": 1
            },
            "s": {
              "a": 1,
              "k": [
                {
                  "i": {
                    "x": [
                      0.35,
                      0.35,
                      0.833
                    ],
                    "y": [
                      1,
                      1,
                      1
                    ]
                  },
                  "o": {
                    "x": [
                      0.35,
                      0.35,
                      0.167
                    ],
                    "y": [
                      0,
                      0,
                      0
                    ]
                  },
                  "n": [
                    "0p35_1_0p35_0",
                    "0p35_1_0p35_0",
                    "0p833_1_0p167_0"
                  ],
                  "t": 38,
                  "s": [
                    100,
                    100,
                    100
                  ],
                  "e": [
                    40,
                    40,
                    100
                  ]
                },
                {
                  "t": 129
                }
              ],
              "ix": 6
            }
          },
          "ao": 0,
          "shapes": [
            {
              "ty": "gr",
              "it": [
                {
                  "ind": 0,
                  "ty": "sh",
                  "ix": 1,
                  "ks": {
                    "a": 0,
                    "k": {
                      "i": [
                        [
                          -2.209,
                          0
                        ],
                        [
                          0,
                          0
                        ],
                        [
                          0,
                          -2.209
                        ],
                        [
                          2.209,
                          0
                        ],
                        [
                          0,
                          2.209
                        ]
                      ],
                      "o": [
                        [
                          0,
                          0
                        ],
                        [
                          2.209,
                          0
                        ],
                        [
                          0,
                          2.209
                        ],
                        [
                          -2.209,
                          0
                        ],
                        [
                          0,
                          -2.209
                        ]
                      ],
                      "v": [
                        [
                          0,
                          -4
                        ],
                        [
                          0,
                          -4
                        ],
                        [
                          4,
                          0
                        ],
                        [
                          0,
                          4
                        ],
                        [
                          -4,
                          0
                        ]
                      ],
                      "c": true
                    },
                    "ix": 2
                  },
                  "nm": "Path 1",
                  "mn": "ADBE Vector Shape - Group",
                  "hd": false
                },
                {
                  "ty": "fl",
                  "c": {
                    "a": 0,
                    "k": [
                      0.078000005086,
                      0.13300000359,
                      0.224000010771,
                      1
                    ],
                    "ix": 4
                  },
                  "o": {
                    "a": 0,
                    "k": 100,
                    "ix": 5
                  },
                  "r": 1,
                  "nm": "Fill 1",
                  "mn": "ADBE Vector Graphic - Fill",
                  "hd": false
                },
                {
                  "ty": "tr",
                  "p": {
                    "a": 0,
                    "k": [
                      4.25,
                      4.25
                    ],
                    "ix": 2
                  },
                  "a": {
                    "a": 0,
                    "k": [
                      0,
                      0
                    ],
                    "ix": 1
                  },
                  "s": {
                    "a": 0,
                    "k": [
                      100,
                      100
                    ],
                    "ix": 3
                  },
                  "r": {
                    "a": 0,
                    "k": 0,
                    "ix": 6
                  },
                  "o": {
                    "a": 0,
                    "k": 100,
                    "ix": 7
                  },
                  "sk": {
                    "a": 0,
                    "k": 0,
                    "ix": 4
                  },
                  "sa": {
                    "a": 0,
                    "k": 0,
                    "ix": 5
                  },
                  "nm": "Transform"
                }
              ],
              "nm": "Group 1",
              "np": 2,
              "cix": 2,
              "ix": 1,
              "mn": "ADBE Vector Group",
              "hd": false
            }
          ],
          "ip": 38,
          "op": 1186,
          "st": -30,
          "bm": 0
        },
        {
          "ddd": 0,
          "ind": 7,
          "ty": 4,
          "nm": "36",
          "sr": 1,
          "ks": {
            "o": {
              "a": 1,
              "k": [
                {
                  "i": {
                    "x": [
                      0.65
                    ],
                    "y": [
                      1
                    ]
                  },
                  "o": {
                    "x": [
                      0.65
                    ],
                    "y": [
                      0
                    ]
                  },
                  "n": [
                    "0p65_1_0p65_0"
                  ],
                  "t": 94,
                  "s": [
                    100
                  ],
                  "e": [
                    0
                  ]
                },
                {
                  "t": 129
                }
              ],
              "ix": 11
            },
            "r": {
              "a": 1,
              "k": [
                {
                  "i": {
                    "x": [
                      0.35
                    ],
                    "y": [
                      1
                    ]
                  },
                  "o": {
                    "x": [
                      0.35
                    ],
                    "y": [
                      0
                    ]
                  },
                  "n": [
                    "0p35_1_0p35_0"
                  ],
                  "t": 38,
                  "s": [
                    720
                  ],
                  "e": [
                    0
                  ]
                },
                {
                  "t": 98
                }
              ],
              "ix": 10
            },
            "p": {
              "a": 1,
              "k": [
                {
                  "i": {
                    "x": 0.35,
                    "y": 1
                  },
                  "o": {
                    "x": 0.35,
                    "y": 0
                  },
                  "n": "0p35_1_0p35_0",
                  "t": 38,
                  "s": [
                    111.214,
                    110.618,
                    0
                  ],
                  "e": [
                    109.5,
                    199,
                    0
                  ],
                  "to": [
                    -0.28570953011513,
                    14.7302732467651,
                    0
                  ],
                  "ti": [
                    0.28570953011513,
                    -14.7302732467651,
                    0
                  ]
                },
                {
                  "t": 98
                }
              ],
              "ix": 2
            },
            "a": {
              "a": 0,
              "k": [
                5.75,
                3.25,
                0
              ],
              "ix": 1
            },
            "s": {
              "a": 1,
              "k": [
                {
                  "i": {
                    "x": [
                      0.35,
                      0.35,
                      0.833
                    ],
                    "y": [
                      1,
                      1,
                      1
                    ]
                  },
                  "o": {
                    "x": [
                      0.35,
                      0.35,
                      0.167
                    ],
                    "y": [
                      0,
                      0,
                      0
                    ]
                  },
                  "n": [
                    "0p35_1_0p35_0",
                    "0p35_1_0p35_0",
                    "0p833_1_0p167_0"
                  ],
                  "t": 38,
                  "s": [
                    100,
                    100,
                    100
                  ],
                  "e": [
                    40,
                    40,
                    100
                  ]
                },
                {
                  "t": 119
                }
              ],
              "ix": 6
            }
          },
          "ao": 0,
          "shapes": [
            {
              "ty": "gr",
              "it": [
                {
                  "ind": 0,
                  "ty": "sh",
                  "ix": 1,
                  "ks": {
                    "a": 0,
                    "k": {
                      "i": [
                        [
                          0,
                          0
                        ],
                        [
                          0,
                          0
                        ],
                        [
                          0,
                          0
                        ]
                      ],
                      "o": [
                        [
                          0,
                          0
                        ],
                        [
                          0,
                          0
                        ],
                        [
                          0,
                          0
                        ]
                      ],
                      "v": [
                        [
                          5.5,
                          -3
                        ],
                        [
                          -5.5,
                          -3
                        ],
                        [
                          0,
                          3
                        ]
                      ],
                      "c": true
                    },
                    "ix": 2
                  },
                  "nm": "Path 1",
                  "mn": "ADBE Vector Shape - Group",
                  "hd": false
                },
                {
                  "ty": "fl",
                  "c": {
                    "a": 0,
                    "k": [
                      0.078000005086,
                      0.13300000359,
                      0.224000010771,
                      1
                    ],
                    "ix": 4
                  },
                  "o": {
                    "a": 0,
                    "k": 100,
                    "ix": 5
                  },
                  "r": 1,
                  "nm": "Fill 1",
                  "mn": "ADBE Vector Graphic - Fill",
                  "hd": false
                },
                {
                  "ty": "tr",
                  "p": {
                    "a": 0,
                    "k": [
                      5.75,
                      3.25
                    ],
                    "ix": 2
                  },
                  "a": {
                    "a": 0,
                    "k": [
                      0,
                      0
                    ],
                    "ix": 1
                  },
                  "s": {
                    "a": 0,
                    "k": [
                      100,
                      100
                    ],
                    "ix": 3
                  },
                  "r": {
                    "a": 0,
                    "k": 0,
                    "ix": 6
                  },
                  "o": {
                    "a": 0,
                    "k": 100,
                    "ix": 7
                  },
                  "sk": {
                    "a": 0,
                    "k": 0,
                    "ix": 4
                  },
                  "sa": {
                    "a": 0,
                    "k": 0,
                    "ix": 5
                  },
                  "nm": "Transform"
                }
              ],
              "nm": "Group 1",
              "np": 2,
              "cix": 2,
              "ix": 1,
              "mn": "ADBE Vector Group",
              "hd": false
            }
          ],
          "ip": 38,
          "op": 1186,
          "st": -30,
          "bm": 0
        }
      ]
    }
  ],
  "layers": [
    {
      "ddd": 0,
      "ind": 1,
      "ty": 4,
      "nm": "Shape Layer 35",
      "parent": 3,
      "td": 1,
      "sr": 1,
      "ks": {
        "o": {
          "a": 0,
          "k": 100,
          "ix": 11
        },
        "r": {
          "a": 0,
          "k": 0,
          "ix": 10
        },
        "p": {
          "a": 0,
          "k": [
            46.345,
            49.297,
            0
          ],
          "ix": 2
        },
        "a": {
          "a": 0,
          "k": [
            0,
            0,
            0
          ],
          "ix": 1
        },
        "s": {
          "a": 0,
          "k": [
            74.999,
            74.999,
            100
          ],
          "ix": 6
        }
      },
      "ao": 0,
      "shapes": [
        {
          "ty": "gr",
          "it": [
            {
              "ty": "gr",
              "it": [
                {
                  "ind": 0,
                  "ty": "sh",
                  "ix": 1,
                  "ks": {
                    "a": 0,
                    "k": {
                      "i": [
                        [
                          0,
                          0
                        ],
                        [
                          34.231,
                          -18.47
                        ],
                        [
                          -16.872,
                          -25.8
                        ],
                        [
                          0,
                          0
                        ],
                        [
                          -18.742,
                          26.297
                        ],
                        [
                          14.577,
                          10.744
                        ]
                      ],
                      "o": [
                        [
                          0,
                          0
                        ],
                        [
                          -14.77,
                          8.864
                        ],
                        [
                          16.872,
                          25.8
                        ],
                        [
                          0,
                          0
                        ],
                        [
                          18.742,
                          -26.297
                        ],
                        [
                          -35.577,
                          -20.411
                        ]
                      ],
                      "v": [
                        [
                          4.965,
                          -39.482
                        ],
                        [
                          -45.858,
                          -56.762
                        ],
                        [
                          -51.833,
                          12.638
                        ],
                        [
                          3.656,
                          62.228
                        ],
                        [
                          59.3,
                          14.4
                        ],
                        [
                          55.951,
                          -55.154
                        ]
                      ],
                      "c": true
                    },
                    "ix": 2
                  },
                  "nm": "Path 1",
                  "mn": "ADBE Vector Shape - Group",
                  "hd": false
                },
                {
                  "ty": "mm",
                  "mm": 2,
                  "nm": "Merge Paths 1",
                  "mn": "ADBE Vector Filter - Merge",
                  "hd": false
                },
                {
                  "ty": "rc",
                  "d": 2,
                  "s": {
                    "a": 0,
                    "k": [
                      294,
                      294
                    ],
                    "ix": 2
                  },
                  "p": {
                    "a": 0,
                    "k": [
                      0,
                      0
                    ],
                    "ix": 3
                  },
                  "r": {
                    "a": 0,
                    "k": 20,
                    "ix": 4
                  },
                  "nm": "Rectangle Path 1",
                  "mn": "ADBE Vector Shape - Rect",
                  "hd": false
                },
                {
                  "ty": "st",
                  "c": {
                    "a": 0,
                    "k": [
                      0.07058800342,
                      0.07058800342,
                      0.07058800342,
                      1
                    ],
                    "ix": 3
                  },
                  "o": {
                    "a": 0,
                    "k": 100,
                    "ix": 4
                  },
                  "w": {
                    "a": 0,
                    "k": 0,
                    "ix": 5
                  },
                  "lc": 1,
                  "lj": 1,
                  "ml": 4,
                  "nm": "Stroke 1",
                  "mn": "ADBE Vector Graphic - Stroke",
                  "hd": false
                },
                {
                  "ty": "fl",
                  "c": {
                    "a": 0,
                    "k": [
                      0.117647058824,
                      0.117647058824,
                      0.117647058824,
                      1
                    ],
                    "ix": 4
                  },
                  "o": {
                    "a": 0,
                    "k": 100,
                    "ix": 5
                  },
                  "r": 1,
                  "nm": "Fill 1",
                  "mn": "ADBE Vector Graphic - Fill",
                  "hd": false
                },
                {
                  "ty": "tr",
                  "p": {
                    "a": 0,
                    "k": [
                      0,
                      -0.5
                    ],
                    "ix": 2
                  },
                  "a": {
                    "a": 0,
                    "k": [
                      0,
                      0
                    ],
                    "ix": 1
                  },
                  "s": {
                    "a": 0,
                    "k": [
                      100,
                      100
                    ],
                    "ix": 3
                  },
                  "r": {
                    "a": 0,
                    "k": 0,
                    "ix": 6
                  },
                  "o": {
                    "a": 0,
                    "k": 100,
                    "ix": 7
                  },
                  "sk": {
                    "a": 0,
                    "k": 0,
                    "ix": 4
                  },
                  "sa": {
                    "a": 0,
                    "k": 0,
                    "ix": 5
                  },
                  "nm": "Transform"
                }
              ],
              "nm": "Rectangle 2",
              "np": 5,
              "cix": 2,
              "ix": 1,
              "mn": "ADBE Vector Group",
              "hd": false
            },
            {
              "ty": "st",
              "c": {
                "a": 0,
                "k": [
                  0.07058800342,
                  0.07058800342,
                  0.07058800342,
                  1
                ],
                "ix": 3
              },
              "o": {
                "a": 0,
                "k": 100,
                "ix": 4
              },
              "w": {
                "a": 0,
                "k": 0,
                "ix": 5
              },
              "lc": 1,
              "lj": 1,
              "ml": 4,
              "nm": "Stroke 1",
              "mn": "ADBE Vector Graphic - Stroke",
              "hd": false
            },
            {
              "ty": "fl",
              "c": {
                "a": 0,
                "k": [
                  0.117647058824,
                  0.117647058824,
                  0.117647058824,
                  1
                ],
                "ix": 4
              },
              "o": {
                "a": 0,
                "k": 100,
                "ix": 5
              },
              "r": 1,
              "nm": "Fill 1",
              "mn": "ADBE Vector Graphic - Fill",
              "hd": false
            },
            {
              "ty": "tr",
              "p": {
                "a": 0,
                "k": [
                  0.5,
                  1
                ],
                "ix": 2
              },
              "a": {
                "a": 0,
                "k": [
                  0,
                  0
                ],
                "ix": 1
              },
              "s": {
                "a": 0,
                "k": [
                  100,
                  100
                ],
                "ix": 3
              },
              "r": {
                "a": 0,
                "k": 0,
                "ix": 6
              },
              "o": {
                "a": 0,
                "k": 100,
                "ix": 7
              },
              "sk": {
                "a": 0,
                "k": 0,
                "ix": 4
              },
              "sa": {
                "a": 0,
                "k": 0,
                "ix": 5
              },
              "nm": "Transform"
            }
          ],
          "nm": "Rectangle 1",
          "np": 3,
          "cix": 2,
          "ix": 1,
          "mn": "ADBE Vector Group",
          "hd": false
        }
      ],
      "ip": 38,
      "op": 1186,
      "st": -14,
      "bm": 0
    },
    {
      "ddd": 0,
      "ind": 2,
      "ty": 0,
      "nm": "burst",
      "tt": 1,
      "refId": "comp_0",
      "sr": 1,
      "ks": {
        "o": {
          "a": 0,
          "k": 100,
          "ix": 11
        },
        "r": {
          "a": 0,
          "k": 0,
          "ix": 10
        },
        "p": {
          "a": 0,
          "k": [
            110,
            110,
            0
          ],
          "ix": 2
        },
        "a": {
          "a": 0,
          "k": [
            110,
            110,
            0
          ],
          "ix": 1
        },
        "s": {
          "a": 0,
          "k": [
            100,
            100,
            100
          ],
          "ix": 6
        }
      },
      "ao": 0,
      "w": 220,
      "h": 220,
      "ip": 38,
      "op": 1200,
      "st": 0,
      "bm": 0
    },
    {
      "ddd": 0,
      "ind": 3,
      "ty": 3,
      "nm": "Null 5",
      "sr": 1,
      "ks": {
        "o": {
          "a": 0,
          "k": 0,
          "ix": 11
        },
        "r": {
          "a": 0,
          "k": 0,
          "ix": 10
        },
        "p": {
          "a": 0,
          "k": [
            112,
            110,
            0
          ],
          "ix": 2
        },
        "a": {
          "a": 0,
          "k": [
            50,
            50,
            0
          ],
          "ix": 1
        },
        "s": {
          "a": 1,
          "k": [
            {
              "i": {
                "x": [
                  0.65,
                  0.65,
                  0.833
                ],
                "y": [
                  1,
                  1,
                  1
                ]
              },
              "o": {
                "x": [
                  0.65,
                  0.65,
                  0.167
                ],
                "y": [
                  0,
                  0,
                  0
                ]
              },
              "n": [
                "0p65_1_0p65_0",
                "0p65_1_0p65_0",
                "0p833_1_0p167_0"
              ],
              "t": 45,
              "s": [
                80,
                80,
                100
              ],
              "e": [
                100,
                100,
                100
              ]
            },
            {
              "t": 65
            }
          ],
          "ix": 6,
          "x": "var $bm_rt;\nvar damping, elasticity, speedLimit, tempsClefProx, tempsDebut, tempsDebut, temps, spring, spring;\nvar fx = effect('Transform Spring');\ndamping = fx(2).value;\nelasticity = fx(1).value;\n$bm_rt = speedLimit = 0.1;\nif (numKeys > 1 && elasticity != 0) {\n    if (nearestKey(time).index == 1) {\n        $bm_rt = value;\n    } else {\n        if (length(velocity) <= speedLimit) {\n            tempsClefProx = nearestKey(time).time;\n            if (tempsClefProx <= time) {\n                tempsDebut = tempsClefProx;\n            } else {\n                tempsDebut = key(sub(nearestKey(time).index, 1)).time;\n            }\n            temps = sub(time, tempsDebut);\n            spring = mul(velocityAtTime(sub(tempsDebut, thisComp.frameDuration)), div(mul(div(0.15, elasticity), Math.sin(mul(mul(mul(elasticity, temps), 2), Math.PI))), Math.exp(mul(temps, damping))));\n            if (speedLimit > 0)\n                spring = mul(spring, sub(1, div(length(velocity), speedLimit)));\n            $bm_rt = sum(valueAtTime(tempsDebut), spring);\n        } else {\n            $bm_rt = value;\n        }\n    }\n} else {\n    $bm_rt = value;\n}"
        }
      },
      "ao": 0,
      "ef": [
        {
          "ty": 5,
          "nm": "Transform Spring",
          "np": 4,
          "mn": "Pseudo/DUIK multid spring",
          "ix": 1,
          "en": 1,
          "ef": [
            {
              "ty": 0,
              "nm": "Elasticity",
              "mn": "Pseudo/DUIK multid spring-0001",
              "ix": 1,
              "v": {
                "a": 0,
                "k": 2,
                "ix": 1
              }
            },
            {
              "ty": 0,
              "nm": "Damping",
              "mn": "Pseudo/DUIK multid spring-0002",
              "ix": 2,
              "v": {
                "a": 0,
                "k": 7,
                "ix": 2
              }
            }
          ]
        }
      ],
      "ip": 45,
      "op": 1195,
      "st": -5,
      "bm": 0
    },
    {
      "ddd": 0,
      "ind": 4,
      "ty": 4,
      "nm": "2",
      "parent": 3,
      "sr": 1,
      "ks": {
        "o": {
          "a": 0,
          "k": 100,
          "ix": 11
        },
        "r": {
          "a": 0,
          "k": 0,
          "ix": 10
        },
        "p": {
          "a": 0,
          "k": [
            50.066,
            50,
            0
          ],
          "ix": 2
        },
        "a": {
          "a": 0,
          "k": [
            82.604,
            51.826,
            0
          ],
          "ix": 1
        },
        "s": {
          "a": 0,
          "k": [
            100,
            100,
            100
          ],
          "ix": 6
        }
      },
      "ao": 0,
      "shapes": [
        {
          "ty": "gr",
          "it": [
            {
              "ind": 0,
              "ty": "sh",
              "ix": 1,
              "ks": {
                "a": 0,
                "k": {
                  "i": [
                    [
                      24.851,
                      0
                    ],
                    [
                      -77.421,
                      -49.452
                    ],
                    [
                      21.866,
                      0
                    ],
                    [
                      0,
                      0
                    ]
                  ],
                  "o": [
                    [
                      -21.763,
                      0
                    ],
                    [
                      77.788,
                      -49.45
                    ],
                    [
                      -22.036,
                      0
                    ],
                    [
                      0,
                      0
                    ]
                  ],
                  "v": [
                    [
                      -25.174,
                      -46.826
                    ],
                    [
                      -0.184,
                      46.826
                    ],
                    [
                      24.925,
                      -46.825
                    ],
                    [
                      -0.184,
                      -26.96
                    ]
                  ],
                  "c": true
                },
                "ix": 2
              },
              "nm": "Path 1",
              "mn": "ADBE Vector Shape - Group",
              "hd": false
            },
            {
              "ty": "st",
              "c": {
                "a": 0,
                "k": [
                  0.067000003889,
                  0.067000003889,
                  0.067000003889,
                  1
                ],
                "ix": 3
              },
              "o": {
                "a": 0,
                "k": 100,
                "ix": 4
              },
              "w": {
                "a": 0,
                "k": 5,
                "ix": 5
              },
              "lc": 2,
              "lj": 2,
              "nm": "Stroke 1",
              "mn": "ADBE Vector Graphic - Stroke",
              "hd": false
            },
            {
              "ty": "tr",
              "p": {
                "a": 0,
                "k": [
                  82.604,
                  51.826
                ],
                "ix": 2
              },
              "a": {
                "a": 0,
                "k": [
                  0,
                  0
                ],
                "ix": 1
              },
              "s": {
                "a": 0,
                "k": [
                  100,
                  100
                ],
                "ix": 3
              },
              "r": {
                "a": 0,
                "k": 0,
                "ix": 6
              },
              "o": {
                "a": 0,
                "k": 100,
                "ix": 7
              },
              "sk": {
                "a": 0,
                "k": 0,
                "ix": 4
              },
              "sa": {
                "a": 0,
                "k": 0,
                "ix": 5
              },
              "nm": "Transform"
            }
          ],
          "nm": "Group 1",
          "np": 2,
          "cix": 2,
          "ix": 1,
          "mn": "ADBE Vector Group",
          "hd": false
        },
        {
          "ty": "tm",
          "s": {
            "a": 1,
            "k": [
              {
                "i": {
                  "x": [
                    0.35
                  ],
                  "y": [
                    1
                  ]
                },
                "o": {
                  "x": [
                    0.35
                  ],
                  "y": [
                    0
                  ]
                },
                "n": [
                  "0p35_1_0p35_0"
                ],
                "t": 0,
                "s": [
                  100
                ],
                "e": [
                  50
                ]
              },
              {
                "t": 50
              }
            ],
            "ix": 1
          },
          "e": {
            "a": 0,
            "k": 100,
            "ix": 2
          },
          "o": {
            "a": 0,
            "k": -41,
            "ix": 3
          },
          "m": 1,
          "ix": 2,
          "nm": "Trim Paths 1",
          "mn": "ADBE Vector Filter - Trim",
          "hd": false
        }
      ],
      "ip": 0,
      "op": 7200,
      "st": 0,
      "bm": 0
    },
    {
      "ddd": 0,
      "ind": 5,
      "ty": 4,
      "nm": "1",
      "parent": 3,
      "sr": 1,
      "ks": {
        "o": {
          "a": 0,
          "k": 100,
          "ix": 11
        },
        "r": {
          "a": 0,
          "k": 0,
          "ix": 10
        },
        "p": {
          "a": 0,
          "k": [
            50.066,
            50,
            0
          ],
          "ix": 2
        },
        "a": {
          "a": 0,
          "k": [
            82.604,
            51.826,
            0
          ],
          "ix": 1
        },
        "s": {
          "a": 0,
          "k": [
            100,
            100,
            100
          ],
          "ix": 6
        }
      },
      "ao": 0,
      "shapes": [
        {
          "ty": "gr",
          "it": [
            {
              "ind": 0,
              "ty": "sh",
              "ix": 1,
              "ks": {
                "a": 0,
                "k": {
                  "i": [
                    [
                      24.851,
                      0
                    ],
                    [
                      -77.421,
                      -49.452
                    ],
                    [
                      21.866,
                      0
                    ],
                    [
                      0,
                      0
                    ]
                  ],
                  "o": [
                    [
                      -21.763,
                      0
                    ],
                    [
                      77.788,
                      -49.45
                    ],
                    [
                      -22.036,
                      0
                    ],
                    [
                      0,
                      0
                    ]
                  ],
                  "v": [
                    [
                      -25.174,
                      -46.826
                    ],
                    [
                      -0.184,
                      46.826
                    ],
                    [
                      24.925,
                      -46.825
                    ],
                    [
                      -0.184,
                      -26.96
                    ]
                  ],
                  "c": true
                },
                "ix": 2
              },
              "nm": "Path 1",
              "mn": "ADBE Vector Shape - Group",
              "hd": false
            },
            {
              "ty": "st",
              "c": {
                "a": 0,
                "k": [
                  0.067000003889,
                  0.067000003889,
                  0.067000003889,
                  1
                ],
                "ix": 3
              },
              "o": {
                "a": 0,
                "k": 100,
                "ix": 4
              },
              "w": {
                "a": 0,
                "k": 5,
                "ix": 5
              },
              "lc": 2,
              "lj": 2,
              "nm": "Stroke 1",
              "mn": "ADBE Vector Graphic - Stroke",
              "hd": false
            },
            {
              "ty": "tr",
              "p": {
                "a": 0,
                "k": [
                  82.604,
                  51.826
                ],
                "ix": 2
              },
              "a": {
                "a": 0,
                "k": [
                  0,
                  0
                ],
                "ix": 1
              },
              "s": {
                "a": 0,
                "k": [
                  100,
                  100
                ],
                "ix": 3
              },
              "r": {
                "a": 0,
                "k": 0,
                "ix": 6
              },
              "o": {
                "a": 0,
                "k": 100,
                "ix": 7
              },
              "sk": {
                "a": 0,
                "k": 0,
                "ix": 4
              },
              "sa": {
                "a": 0,
                "k": 0,
                "ix": 5
              },
              "nm": "Transform"
            }
          ],
          "nm": "Group 1",
          "np": 2,
          "cix": 2,
          "ix": 1,
          "mn": "ADBE Vector Group",
          "hd": false
        },
        {
          "ty": "tm",
          "s": {
            "a": 0,
            "k": 0,
            "ix": 1
          },
          "e": {
            "a": 1,
            "k": [
              {
                "i": {
                  "x": [
                    0.35
                  ],
                  "y": [
                    1
                  ]
                },
                "o": {
                  "x": [
                    0.35
                  ],
                  "y": [
                    0
                  ]
                },
                "n": [
                  "0p35_1_0p35_0"
                ],
                "t": 0,
                "s": [
                  0
                ],
                "e": [
                  50
                ]
              },
              {
                "t": 50
              }
            ],
            "ix": 2
          },
          "o": {
            "a": 0,
            "k": -38,
            "ix": 3
          },
          "m": 1,
          "ix": 2,
          "nm": "Trim Paths 1",
          "mn": "ADBE Vector Filter - Trim",
          "hd": false
        }
      ],
      "ip": 0,
      "op": 7200,
      "st": 0,
      "bm": 0
    }
  ],
  "markers": []
}